{"cameraMode":{"drawMode":0,"name":"Shaded","section":"Shading Mode"},"sceneLighting":true,"audioPlay":false,"sceneViewState":{"showFog":true,"showMaterialUpdate":false,"showSkybox":true,"showFlares":true,"showImageEffects":true,"showParticleSystems":true},"in2DMode":false,"pivot":{"x":-4.957509994506836,"y":-10.219274520874024,"z":22.141508102416993},"rotation":{"x":-0.15849076211452485,"y":-0.042346738278865817,"z":0.00680382177233696,"w":-0.9864293336868286},"size":25.057649612426759,"orthographic":false}